0, 2012 AUG 06 06:23:34,  3.3913750484277339e+03,  1.3744165405905019e+02, -4.5894997863688562e+00
1, 2012 AUG 07 07:05:06,  3.3913757964587139e+03,  1.3744165405915899e+02, -4.5894997862754003e+00
2, 2012 AUG 08 07:46:37,  3.3913765310251524e+03,  1.3744165405898576e+02, -4.5894997862440894e+00
3, 2012 AUG 09 08:28:09,  3.3913772523157700e+03,  1.3744165405875640e+02, -4.5894997863234721e+00
4, 2012 AUG 10 09:09:41,  3.3913779605204222e+03,  1.3744165405872667e+02, -4.5894997863501423e+00
5, 2012 AUG 11 09:51:12,  3.3913786557725630e+03,  1.3744165405872374e+02, -4.5894997863641684e+00
6, 2012 AUG 12 10:32:44,  3.3913793382721892e+03,  1.3744165405874301e+02, -4.5894997862494167e+00
7, 2012 AUG 13 11:14:16,  3.3913800081718782e+03,  1.3744165405891789e+02, -4.5894997863758533e+00
8, 2012 AUG 14 11:55:48,  3.3913806655932804e+03,  1.3744165405922652e+02, -4.5894997863249536e+00
9, 2012 AUG 15 12:37:19,  3.3913813107597398e+03,  1.3744165405917965e+02, -4.5894997862472096e+00
10, 2012 AUG 16 13:18:51,  3.3913819438170672e+03,  1.3744165405970386e+02, -4.5894997860925786e+00
11, 2012 AUG 17 14:00:23,  3.3913825649536138e+03,  1.3744165405908919e+02, -4.5894997860737945e+00
12, 2012 AUG 18 14:41:54,  3.3913831743101346e+03,  1.3744165405967158e+02, -4.5894997859576145e+00
13, 2012 AUG 19 15:23:26,  3.3913837719904550e+03,  1.3744165406008173e+02, -4.5894997860582176e+00
14, 2012 AUG 20 16:04:58,  3.3913843582446689e+03,  1.3744165405916988e+02, -4.5894997861939011e+00
15, 2012 AUG 21 16:46:29,  3.3913849331467159e+03,  1.3744165405973337e+02, -4.5894997860200721e+00
16, 2012 AUG 22 17:28:01,  3.3913851000381524e+03,  1.3744175647306551e+02, -4.5894997290914574e+00
17, 2012 AUG 23 18:09:33,  3.3913856528308665e+03,  1.3744175647225447e+02, -4.5894997290470085e+00
18, 2012 AUG 24 18:51:04,  3.3913861947030036e+03,  1.3744175647272255e+02, -4.5894997292106590e+00
19, 2012 AUG 25 19:32:36,  3.3913867259014141e+03,  1.3744175647158517e+02, -4.5894997295061435e+00
20, 2012 AUG 26 20:14:08,  3.3913872465117806e+03,  1.3744175647208010e+02, -4.5894997294304209e+00
21, 2012 AUG 27 20:55:39,  3.3913878328843016e+03,  1.3744169823154459e+02, -4.5894407135485569e+00
22, 2012 AUG 28 21:37:11,  3.3913875706021981e+03,  1.3744190298931457e+02, -4.5894479838430504e+00
23, 2012 AUG 29 22:18:43,  3.3913880603401085e+03,  1.3744190298870757e+02, -4.5894479838521827e+00
24, 2012 AUG 30 23:00:15,  3.3913883531305628e+03,  1.3744219451496463e+02, -4.5895075548941202e+00
25, 2012 AUG 31 23:41:46,  3.3913888229563918e+03,  1.3744219451440608e+02, -4.5895075552042872e+00
26, 2012 SEP 02 00:23:18,  3.3913888542855352e+03,  1.3744249392159290e+02, -4.5898235669507512e+00
27, 2012 SEP 03 01:04:50,  3.3913893046525163e+03,  1.3744249392131908e+02, -4.5898235670714165e+00
28, 2012 SEP 04 01:46:21,  3.3913897454958055e+03,  1.3744249392123822e+02, -4.5898235667032043e+00
29, 2012 SEP 05 02:27:53,  3.3913901019054510e+03,  1.3744279305875617e+02, -4.5902407384980917e+00
30, 2012 SEP 06 03:09:25,  3.3913905240224803e+03,  1.3744279305771798e+02, -4.5902407388849120e+00
31, 2012 SEP 07 03:50:56,  3.3913909368854634e+03,  1.3744279305862980e+02, -4.5902407384251775e+00
32, 2012 SEP 08 04:32:28,  3.3913913406471884e+03,  1.3744279305816968e+02, -4.5902407385932085e+00
33, 2012 SEP 09 05:14:00,  3.3913917353684142e+03,  1.3744279305778309e+02, -4.5902407391293183e+00
34, 2012 SEP 10 05:55:31,  3.3913921211807774e+03,  1.3744279305786335e+02, -4.5902407386263944e+00
35, 2012 SEP 11 06:37:03,  3.3913924981352952e+03,  1.3744279305838830e+02, -4.5902407384939723e+00
36, 2012 SEP 12 07:18:35,  3.3913928663128736e+03,  1.3744279305824057e+02, -4.5902407385556838e+00
37, 2012 SEP 13 08:00:06,  3.3913932257999895e+03,  1.3744279305856602e+02, -4.5902407387253055e+00
38, 2012 SEP 14 08:41:38,  3.3913921243463974e+03,  1.3744332758186181e+02, -4.5903389475483971e+00
39, 2012 SEP 15 09:23:10,  3.3913927449038042e+03,  1.3744367394136188e+02, -4.5904417785713569e+00
40, 2012 SEP 16 10:04:42,  3.3913934063261272e+03,  1.3744422588725382e+02, -4.5901395163109893e+00
41, 2012 SEP 17 10:46:13,  3.3913932014135517e+03,  1.3744463660623023e+02, -4.5899442419295022e+00
42, 2012 SEP 18 11:27:45,  3.3913912927496408e+03,  1.3744510965356218e+02, -4.5901522603056790e+00
43, 2012 SEP 19 12:09:17,  3.3913909445618888e+03,  1.3744535718017420e+02, -4.5905941246423163e+00
44, 2012 SEP 20 12:50:48,  3.3913912447009425e+03,  1.3744535718011713e+02, -4.5905941248391322e+00
45, 2012 SEP 21 13:32:20,  3.3913913258891166e+03,  1.3744539267380753e+02, -4.5905528281058308e+00
46, 2012 SEP 22 14:13:52,  3.3913916094384053e+03,  1.3744539267423514e+02, -4.5905528280399235e+00
47, 2012 SEP 23 14:55:23,  3.3913918847481527e+03,  1.3744539267346431e+02, -4.5905528279403116e+00
48, 2012 SEP 24 15:36:55,  3.3913900839232751e+03,  1.3744603659596569e+02, -4.5904140779801379e+00
49, 2012 SEP 25 16:18:27,  3.3913885765432719e+03,  1.3744655608685068e+02, -4.5904258413538521e+00
50, 2012 SEP 26 16:59:58,  3.3913852155681811e+03,  1.3744736978547579e+02, -4.5903045944140137e+00
51, 2012 SEP 27 17:41:30,  3.3913854577986090e+03,  1.3744736978570805e+02, -4.5903045943069820e+00
52, 2012 SEP 28 18:23:02,  3.3913849328375559e+03,  1.3744796872130988e+02, -4.5901844652327437e+00
53, 2012 SEP 29 19:04:33,  3.3913851530316365e+03,  1.3744800301203372e+02, -4.5901780947988247e+00
54, 2012 SEP 30 19:46:05,  3.3913853703362779e+03,  1.3744800301188209e+02, -4.5901780948420141e+00
55, 2012 OCT 01 20:27:37,  3.3913840631435082e+03,  1.3744834632398050e+02, -4.5901851142575660e+00
56, 2012 OCT 02 21:09:09,  3.3913840565869805e+03,  1.3744840019188055e+02, -4.5901378696450825e+00
57, 2012 OCT 03 21:50:40,  3.3913842663991886e+03,  1.3744838998770413e+02, -4.5901416377915316e+00
58, 2012 OCT 04 22:32:12,  3.3913844499903853e+03,  1.3744838998751186e+02, -4.5901416380515254e+00
59, 2012 OCT 05 23:13:44,  3.3913847153026350e+03,  1.3744839276764020e+02, -4.5901183901167553e+00
60, 2012 OCT 06 23:55:15,  3.3913848817136159e+03,  1.3744839276797273e+02, -4.5901183900691676e+00
61, 2012 OCT 08 00:36:47,  3.3913850394060946e+03,  1.3744839276729192e+02, -4.5901183904294216e+00
62, 2012 OCT 09 01:18:19,  3.3913851883375410e+03,  1.3744839276753729e+02, -4.5901183901801872e+00
63, 2012 OCT 10 01:59:50,  3.3913853283930844e+03,  1.3744839276757813e+02, -4.5901183901638278e+00
64, 2012 OCT 11 02:41:22,  3.3913854594943832e+03,  1.3744839276801932e+02, -4.5901183905276470e+00
65, 2012 OCT 12 03:22:54,  3.3913855815315424e+03,  1.3744839276803199e+02, -4.5901183901919369e+00
66, 2012 OCT 13 04:04:25,  3.3913856944210670e+03,  1.3744839276792800e+02, -4.5901183901798790e+00
67, 2012 OCT 14 04:45:57,  3.3913857979801769e+03,  1.3744839276725247e+02, -4.5901183906453626e+00
68, 2012 OCT 15 05:27:29,  3.3913858921935289e+03,  1.3744839276744491e+02, -4.5901183902384073e+00
69, 2012 OCT 16 06:09:00,  3.3913859768757447e+03,  1.3744839276758748e+02, -4.5901183904545411e+00
70, 2012 OCT 17 06:50:32,  3.3913860519032546e+03,  1.3744839276733350e+02, -4.5901183905539682e+00
71, 2012 OCT 18 07:32:04,  3.3913861171441922e+03,  1.3744839276771566e+02, -4.5901183905205345e+00
72, 2012 OCT 19 08:13:36,  3.3913861724600551e+03,  1.3744839276761343e+02, -4.5901183905242560e+00
73, 2012 OCT 20 08:55:07,  3.3913862176816538e+03,  1.3744839276756994e+02, -4.5901183905122469e+00
74, 2012 OCT 21 09:36:39,  3.3913862526981411e+03,  1.3744839276800894e+02, -4.5901183903939682e+00
75, 2012 OCT 22 10:18:11,  3.3913862772912339e+03,  1.3744839276787334e+02, -4.5901183907367917e+00
76, 2012 OCT 23 10:59:42,  3.3913862913342850e+03,  1.3744839276760945e+02, -4.5901183903472980e+00
77, 2012 OCT 24 11:41:14,  3.3913862946392260e+03,  1.3744839276764816e+02, -4.5901183906530143e+00
78, 2012 OCT 25 12:22:46,  3.3913862870417797e+03,  1.3744839276801801e+02, -4.5901183904856255e+00
79, 2012 OCT 26 13:04:17,  3.3913862683582533e+03,  1.3744839276796071e+02, -4.5901183905248768e+00
80, 2012 OCT 27 13:45:49,  3.3913862384117574e+03,  1.3744839276844695e+02, -4.5901183903983060e+00
81, 2012 OCT 28 14:27:21,  3.3913861969376094e+03,  1.3744839276832886e+02, -4.5901183908697663e+00
82, 2012 OCT 29 15:08:52,  3.3913861438351664e+03,  1.3744839276850126e+02, -4.5901183908881595e+00
83, 2012 OCT 30 15:50:24,  3.3913860788509865e+03,  1.3744839276819494e+02, -4.5901183905599012e+00
84, 2012 OCT 31 16:31:56,  3.3913860018142009e+03,  1.3744839276842387e+02, -4.5901183905980085e+00
85, 2012 NOV 01 17:13:28,  3.3913859124972114e+03,  1.3744839276872165e+02, -4.5901183903999732e+00
86, 2012 NOV 02 17:54:59,  3.3913858106236717e+03,  1.3744839276884341e+02, -4.5901183909179517e+00
87, 2012 NOV 03 18:36:31,  3.3913856960648241e+03,  1.3744839276839286e+02, -4.5901183909562890e+00
88, 2012 NOV 04 19:18:03,  3.3913855685504072e+03,  1.3744839276858670e+02, -4.5901183908650127e+00
89, 2012 NOV 05 19:59:34,  3.3913854278871277e+03,  1.3744839276870724e+02, -4.5901183906270617e+00
90, 2012 NOV 06 20:41:06,  3.3913852738025203e+03,  1.3744839276909690e+02, -4.5901183909145651e+00
91, 2012 NOV 07 21:22:38,  3.3913851060871289e+03,  1.3744839276888990e+02, -4.5901183904762046e+00
92, 2012 NOV 08 22:04:09,  3.3913849245062861e+03,  1.3744839276887515e+02, -4.5901183908681427e+00
93, 2012 NOV 09 22:45:41,  3.3913847288237998e+03,  1.3744839276912566e+02, -4.5901183908432488e+00
94, 2012 NOV 10 23:27:13,  3.3913845187788042e+03,  1.3744839276843638e+02, -4.5901183909347685e+00
95, 2012 NOV 12 00:08:44,  3.3913842941243893e+03,  1.3744839276899549e+02, -4.5901183909554870e+00
96, 2012 NOV 13 00:50:16,  3.3913840546782917e+03,  1.3744839276938475e+02, -4.5901183903823286e+00
97, 2012 NOV 14 01:31:48,  3.3913838001030349e+03,  1.3744839276944558e+02, -4.5901183908431848e+00
98, 2012 NOV 15 02:13:19,  3.3913835302137500e+03,  1.3744839276918225e+02, -4.5901183908594714e+00
99, 2012 NOV 16 02:54:51,  3.3913832446885976e+03,  1.3744839276941886e+02, -4.5901183909259453e+00
100, 2012 NOV 17 03:36:23,  3.3913829465005861e+03,  1.3744836632738773e+02, -4.5901317219757241e+00
101, 2012 NOV 18 04:17:55,  3.3913826290500606e+03,  1.3744836632738406e+02, -4.5901317220084747e+00
102, 2012 NOV 19 04:59:26,  3.3913820547677374e+03,  1.3744874818109076e+02, -4.5900675274068554e+00
103, 2012 NOV 20 05:40:58,  3.3913817043482213e+03,  1.3744874818131944e+02, -4.5900675276154814e+00
104, 2012 NOV 21 06:22:30,  3.3913813370680946e+03,  1.3744874818151331e+02, -4.5900675279747478e+00
105, 2012 NOV 22 07:04:01,  3.3913809527002863e+03,  1.3744874818201035e+02, -4.5900675271658224e+00
106, 2012 NOV 23 07:45:33,  3.3913805509376107e+03,  1.3744874818175541e+02, -4.5900675276452620e+00
107, 2012 NOV 24 08:27:05,  3.3913801315641672e+03,  1.3744874818199344e+02, -4.5900675269515210e+00
108, 2012 NOV 25 09:08:36,  3.3913796942669919e+03,  1.3744874818232995e+02, -4.5900675275948917e+00
109, 2012 NOV 26 09:50:08,  3.3913792388560355e+03,  1.3744874818183786e+02, -4.5900675274153926e+00
110, 2012 NOV 27 10:31:40,  3.3913787650431464e+03,  1.3744874818195930e+02, -4.5900675275564629e+00
111, 2012 NOV 28 11:13:11,  3.3913782476261576e+03,  1.3744874170717665e+02, -4.5900658376564376e+00
112, 2012 NOV 29 11:54:43,  3.3913777363458071e+03,  1.3744874170731543e+02, -4.5900658373182797e+00
113, 2012 NOV 30 12:36:15,  3.3913772058499690e+03,  1.3744874170689243e+02, -4.5900658378341488e+00
114, 2012 DEC 01 13:17:46,  3.3913766560174786e+03,  1.3744874170711932e+02, -4.5900658377933166e+00
115, 2012 DEC 02 13:59:18,  3.3913760866030093e+03,  1.3744874170756293e+02, -4.5900658376817836e+00
116, 2012 DEC 03 14:40:50,  3.3913754973040996e+03,  1.3744874170757467e+02, -4.5900658374655228e+00
117, 2012 DEC 04 15:22:22,  3.3913748878569404e+03,  1.3744874170726865e+02, -4.5900658379458905e+00
118, 2012 DEC 05 16:03:53,  3.3913742581753622e+03,  1.3744874170730583e+02, -4.5900658373563434e+00
119, 2012 DEC 06 16:45:25,  3.3913736078903162e+03,  1.3744874170751245e+02, -4.5900658374951568e+00
120, 2012 DEC 07 17:26:57,  3.3913728167535014e+03,  1.3744887709445877e+02, -4.5905613894301158e+00
121, 2012 DEC 08 18:08:28,  3.3913719128702160e+03,  1.3744915178809379e+02, -4.5903990315792731e+00
122, 2012 DEC 09 18:50:00,  3.3913712130740569e+03,  1.3744916711094086e+02, -4.5903917835703307e+00
123, 2012 DEC 10 19:31:32,  3.3913695764598638e+03,  1.3744939765003011e+02, -4.5901731009036242e+00
124, 2012 DEC 11 20:13:03,  3.3913689881820596e+03,  1.3744932571101032e+02, -4.5899817749416290e+00
125, 2012 DEC 12 20:54:35,  3.3913671720268089e+03,  1.3744937452676982e+02, -4.5897486972946977e+00
126, 2012 DEC 13 21:36:07,  3.3913663718295006e+03,  1.3744937452725682e+02, -4.5897486976474537e+00
127, 2012 DEC 14 22:17:38,  3.3913653212828349e+03,  1.3744943025484559e+02, -4.5893388840430775e+00
128, 2012 DEC 15 22:59:10,  3.3913644765912254e+03,  1.3744943025421861e+02, -4.5893388842623049e+00
129, 2012 DEC 16 23:40:42,  3.3913636092706570e+03,  1.3744943025479159e+02, -4.5893388843230696e+00
130, 2012 DEC 18 00:22:13,  3.3913630122965028e+03,  1.3744943544051918e+02, -4.5892467219330388e+00
131, 2012 DEC 19 01:03:45,  3.3913620993550298e+03,  1.3744943544064975e+02, -4.5892467214107944e+00
132, 2012 DEC 20 01:45:17,  3.3913611633326486e+03,  1.3744943544021999e+02, -4.5892467216606052e+00
133, 2012 DEC 21 02:26:49,  3.3913603197583984e+03,  1.3744929963831694e+02, -4.5895662429616433e+00
134, 2012 DEC 22 03:08:20,  3.3913593371716852e+03,  1.3744929963824117e+02, -4.5895662429507569e+00
135, 2012 DEC 23 03:49:52,  3.3913583311162756e+03,  1.3744929963868535e+02, -4.5895662428928645e+00
136, 2012 DEC 24 04:31:24,  3.3913573014559570e+03,  1.3744929963900523e+02, -4.5895662426635049e+00
137, 2012 DEC 25 05:12:55,  3.3913562480481369e+03,  1.3744929963861492e+02, -4.5895662427205854e+00
138, 2012 DEC 26 05:54:27,  3.3913551707998395e+03,  1.3744929963849262e+02, -4.5895662432816344e+00
139, 2012 DEC 27 06:35:59,  3.3913540696161231e+03,  1.3744929963898377e+02, -4.5895662427718369e+00
140, 2012 DEC 28 07:17:30,  3.3913529444222745e+03,  1.3744929963847656e+02, -4.5895662428971953e+00
141, 2012 DEC 29 07:59:02,  3.3913517950753394e+03,  1.3744929963897687e+02, -4.5895662431472362e+00
142, 2012 DEC 30 08:40:34,  3.3913506215466195e+03,  1.3744929963869527e+02, -4.5895662432250042e+00
143, 2012 DEC 31 09:22:05,  3.3913494237498994e+03,  1.3744929963871613e+02, -4.5895662432443425e+00
144, 2013 JAN 01 10:03:37,  3.3913482016367316e+03,  1.3744929963903158e+02, -4.5895662429935191e+00
145, 2013 JAN 02 10:45:09,  3.3913469551721068e+03,  1.3744929963895763e+02, -4.5895662431143629e+00
146, 2013 JAN 03 11:26:41,  3.3913456842886003e+03,  1.3744929963868046e+02, -4.5895662432194202e+00
147, 2013 JAN 04 12:08:12,  3.3913445604271269e+03,  1.3744927628196058e+02, -4.5896105470821578e+00
148, 2013 JAN 05 12:49:44,  3.3913432406719480e+03,  1.3744927628168998e+02, -4.5896105472251261e+00
149, 2013 JAN 06 13:31:16,  3.3913418964484977e+03,  1.3744927628185147e+02, -4.5896105470398982e+00
150, 2013 JAN 07 14:12:47,  3.3913405277675479e+03,  1.3744927628226017e+02, -4.5896105471737192e+00
151, 2013 JAN 08 14:54:19,  3.3913391740377274e+03,  1.3744927167154952e+02, -4.5896213951325588e+00
152, 2013 JAN 09 15:35:51,  3.3913379444839370e+03,  1.3744926421391921e+02, -4.5896570481964236e+00
153, 2013 JAN 10 16:17:22,  3.3913365025478329e+03,  1.3744926421324308e+02, -4.5896570486439252e+00
154, 2013 JAN 11 16:58:54,  3.3913350362558604e+03,  1.3744926421347415e+02, -4.5896570484127075e+00
155, 2013 JAN 12 17:40:26,  3.3913335456604314e+03,  1.3744926421382897e+02, -4.5896570482166599e+00
156, 2013 JAN 13 18:21:57,  3.3913320308455031e+03,  1.3744926421444990e+02, -4.5896570479937733e+00
157, 2013 JAN 14 19:03:29,  3.3913304918596732e+03,  1.3744926421384369e+02, -4.5896570481942662e+00
158, 2013 JAN 15 19:45:01,  3.3913289287711068e+03,  1.3744926421425586e+02, -4.5896570484301158e+00
159, 2013 JAN 16 20:26:32,  3.3913271837186121e+03,  1.3744927953728865e+02, -4.5896407241274710e+00
160, 2013 JAN 17 21:08:04,  3.3913255727770393e+03,  1.3744927953733691e+02, -4.5896407244131456e+00
161, 2013 JAN 18 21:49:36,  3.3913239380833988e+03,  1.3744927953704348e+02, -4.5896407245454682e+00
162, 2013 JAN 19 22:31:08,  3.3913224749023448e+03,  1.3744918725930788e+02, -4.5895598478752522e+00
163, 2013 JAN 20 23:12:39,  3.3913209796394572e+03,  1.3744916678341633e+02, -4.5895843162943510e+00
164, 2013 JAN 21 23:54:11,  3.3913191629758117e+03,  1.3744918246301620e+02, -4.5895763395501490e+00
165, 2013 JAN 23 00:35:43,  3.3913174346033584e+03,  1.3744918246255685e+02, -4.5895763396826865e+00
166, 2013 JAN 24 01:17:14,  3.3913157821846921e+03,  1.3744917656502631e+02, -4.5895946225360351e+00
167, 2013 JAN 25 01:58:46,  3.3913140079479326e+03,  1.3744917656405829e+02, -4.5895946227654294e+00
168, 2013 JAN 26 02:40:18,  3.3913122110763038e+03,  1.3744917656430496e+02, -4.5895946227853841e+00
169, 2013 JAN 27 03:21:49,  3.3913103917267099e+03,  1.3744917656404104e+02, -4.5895946227065334e+00
170, 2013 JAN 28 04:03:21,  3.3913085501205037e+03,  1.3744917656391584e+02, -4.5895946230922249e+00
171, 2013 JAN 29 04:44:53,  3.3913066865229453e+03,  1.3744917656507178e+02, -4.5895946225234709e+00
172, 2013 JAN 30 05:26:24,  3.3913048010974749e+03,  1.3744917656447561e+02, -4.5895946228855156e+00
173, 2013 JAN 31 06:07:56,  3.3913028941187681e+03,  1.3744917656423371e+02, -4.5895946229351940e+00
174, 2013 FEB 01 06:49:28,  3.3913009658377396e+03,  1.3744917656482511e+02, -4.5895946228499991e+00
175, 2013 FEB 02 07:30:59,  3.3912990165008591e+03,  1.3744917656482323e+02, -4.5895946228248290e+00
176, 2013 FEB 03 08:12:31,  3.3912970463798310e+03,  1.3744917656431957e+02, -4.5895946229861702e+00
177, 2013 FEB 04 08:54:03,  3.3912950557529616e+03,  1.3744917656466387e+02, -4.5895946228967075e+00
178, 2013 FEB 05 09:35:35,  3.3912930449241589e+03,  1.3744917656485705e+02, -4.5895946228632702e+00
179, 2013 FEB 06 10:17:06,  3.3912910141534994e+03,  1.3744917656485563e+02, -4.5895946231217186e+00
180, 2013 FEB 07 10:58:38,  3.3912889637850712e+03,  1.3744917656465242e+02, -4.5895946230272360e+00
181, 2013 FEB 08 11:40:10,  3.3912868940891331e+03,  1.3744917656479751e+02, -4.5895946233247287e+00
182, 2013 FEB 09 12:21:41,  3.3912848054284650e+03,  1.3744917656471372e+02, -4.5895946233896705e+00
183, 2013 FEB 10 13:03:13,  3.3912826981340331e+03,  1.3744917656446992e+02, -4.5895946232027471e+00
184, 2013 FEB 11 13:44:45,  3.3912805725080188e+03,  1.3744917656489295e+02, -4.5895946233467653e+00
185, 2013 FEB 12 14:26:16,  3.3912784289221727e+03,  1.3744917656487900e+02, -4.5895946232478266e+00
186, 2013 FEB 13 15:07:48,  3.3912762677470146e+03,  1.3744917656528963e+02, -4.5895946231185674e+00
187, 2013 FEB 14 15:49:20,  3.3912740892908118e+03,  1.3744917656532664e+02, -4.5895946230328084e+00
188, 2013 FEB 15 16:30:51,  3.3912718939465253e+03,  1.3744917656470690e+02, -4.5895946234702452e+00
189, 2013 FEB 16 17:12:23,  3.3912696821309637e+03,  1.3744917656491990e+02, -4.5895946232545688e+00
190, 2013 FEB 17 17:53:55,  3.3912674541810593e+03,  1.3744917656495483e+02, -4.5895946231715481e+00
191, 2013 FEB 18 18:35:26,  3.3912652104674776e+03,  1.3744917656432199e+02, -4.5895946236826344e+00
192, 2013 FEB 19 19:16:58,  3.3912629514786390e+03,  1.3744917656486220e+02, -4.5895946232461284e+00
193, 2013 FEB 20 19:58:30,  3.3912606775160152e+03,  1.3744917656502307e+02, -4.5895946233213039e+00
194, 2013 FEB 21 20:40:02,  3.3912583890389433e+03,  1.3744917656503901e+02, -4.5895946233020375e+00
195, 2013 FEB 22 21:21:33,  3.3912560864260363e+03,  1.3744917656468516e+02, -4.5895946234742100e+00
196, 2013 FEB 23 22:03:05,  3.3912537701270030e+03,  1.3744917656512490e+02, -4.5895946235169784e+00
197, 2013 FEB 24 22:44:37,  3.3912514405724919e+03,  1.3744917656510736e+02, -4.5895946232386375e+00
198, 2013 FEB 25 23:26:08,  3.3912490981488609e+03,  1.3744917656507195e+02, -4.5895946234219416e+00
199, 2013 FEB 27 00:07:40,  3.3912467433123479e+03,  1.3744917656509787e+02, -4.5895946234430287e+00
200, 2013 FEB 28 00:49:12,  3.3912443765010707e+03,  1.3744917656529068e+02, -4.5895946234941523e+00
201, 2013 MAR 01 01:30:43,  3.3912419981631697e+03,  1.3744917656521056e+02, -4.5895946233828626e+00
202, 2013 MAR 02 02:12:15,  3.3912396087058269e+03,  1.3744917656510449e+02, -4.5895946235996723e+00
203, 2013 MAR 03 02:53:47,  3.3912372086332534e+03,  1.3744917656526181e+02, -4.5895946234290932e+00
204, 2013 MAR 04 03:35:18,  3.3912347983251207e+03,  1.3744917656530075e+02, -4.5895946237151968e+00
205, 2013 MAR 05 04:16:50,  3.3912323783171259e+03,  1.3744917656529216e+02, -4.5895946234840892e+00
206, 2013 MAR 06 04:58:22,  3.3912299489763486e+03,  1.3744917656512231e+02, -4.5895946237578178e+00
207, 2013 MAR 07 05:39:53,  3.3912275107966757e+03,  1.3744917656494647e+02, -4.5895946241119692e+00
208, 2013 MAR 08 06:21:25,  3.3912250643160378e+03,  1.3744917656530245e+02, -4.5895946236616414e+00
209, 2013 MAR 09 07:02:57,  3.3912226098429087e+03,  1.3744917656501400e+02, -4.5895946241353203e+00
210, 2013 MAR 10 07:44:29,  3.3912201479901046e+03,  1.3744917656528432e+02, -4.5895946238228431e+00
211, 2013 MAR 11 08:26:00,  3.3912176791387565e+03,  1.3744917656529628e+02, -4.5895946235864642e+00
212, 2013 MAR 12 09:07:32,  3.3912152037291507e+03,  1.3744917656533840e+02, -4.5895946238559837e+00
213, 2013 MAR 13 09:49:04,  3.3912127222502445e+03,  1.3744917656521545e+02, -4.5895946240748415e+00
214, 2013 MAR 14 10:30:35,  3.3912102352675633e+03,  1.3744917656549779e+02, -4.5895946234266978e+00
215, 2013 MAR 15 11:12:07,  3.3912077430349273e+03,  1.3744917656542302e+02, -4.5895946240002168e+00
216, 2013 MAR 16 11:53:39,  3.3912052461818084e+03,  1.3744917656539138e+02, -4.5895946240598784e+00
217, 2013 MAR 17 12:35:10,  3.3912027451546614e+03,  1.3744917656533801e+02, -4.5895946238382352e+00
218, 2013 MAR 18 13:16:42,  3.3912002403148631e+03,  1.3744917656524760e+02, -4.5895946242147128e+00
219, 2013 MAR 19 13:58:14,  3.3911977322640591e+03,  1.3744917656556532e+02, -4.5895946239519372e+00
220, 2013 MAR 20 14:39:45,  3.3911952213399422e+03,  1.3744917656526675e+02, -4.5895946240361170e+00
221, 2013 MAR 21 15:21:17,  3.3911927080689647e+03,  1.3744917656546312e+02, -4.5895946240450778e+00
222, 2013 MAR 22 16:02:49,  3.3911901928349575e+03,  1.3744917656530330e+02, -4.5895946243804824e+00
223, 2013 MAR 23 16:44:21,  3.3911876761951999e+03,  1.3744917656526883e+02, -4.5895946242197034e+00
224, 2013 MAR 24 17:25:52,  3.3911851585325003e+03,  1.3744917656525749e+02, -4.5895946240372831e+00
225, 2013 MAR 25 18:07:24,  3.3911826403071045e+03,  1.3744917656535222e+02, -4.5895946239725003e+00
226, 2013 MAR 26 18:48:56,  3.3911801219221052e+03,  1.3744917656587324e+02, -4.5895946242587220e+00
227, 2013 MAR 27 19:30:27,  3.3911776038746953e+03,  1.3744917656597616e+02, -4.5895946242890897e+00
228, 2013 MAR 28 20:11:59,  3.3911750865963231e+03,  1.3744917656550496e+02, -4.5895946239173950e+00
229, 2013 MAR 29 20:53:31,  3.3911725704401492e+03,  1.3744917656584306e+02, -4.5895946244151142e+00
230, 2013 MAR 30 21:35:02,  3.3911700559458222e+03,  1.3744917656581552e+02, -4.5895946241410517e+00
231, 2013 MAR 31 22:16:34,  3.3911675434511676e+03,  1.3744917656563297e+02, -4.5895946244039072e+00
232, 2013 APR 01 22:58:06,  3.3911650334341844e+03,  1.3744917656561512e+02, -4.5895946243532171e+00
233, 2013 APR 02 23:39:37,  3.3911625262849402e+03,  1.3744917656579341e+02, -4.5895946242182903e+00
234, 2013 APR 04 00:21:09,  3.3911600224064314e+03,  1.3744917656577513e+02, -4.5895946241527987e+00
235, 2013 APR 05 01:02:41,  3.3911575221710805e+03,  1.3744917656596826e+02, -4.5895946246074528e+00
236, 2013 APR 06 01:44:12,  3.3911550260392082e+03,  1.3744917656578338e+02, -4.5895946246007675e+00
237, 2013 APR 07 02:25:44,  3.3911525343815529e+03,  1.3744917656571110e+02, -4.5895946242594494e+00
238, 2013 APR 08 03:07:16,  3.3911500475610396e+03,  1.3744917656570655e+02, -4.5895946243327428e+00
239, 2013 APR 09 03:48:48,  3.3911475659743678e+03,  1.3744917656575925e+02, -4.5895946246073809e+00
240, 2013 APR 10 04:30:19,  3.3911450900072800e+03,  1.3744917656608735e+02, -4.5895946245518742e+00
241, 2013 APR 11 05:11:51,  3.3911426199959965e+03,  1.3744917656614831e+02, -4.5895946248555850e+00
242, 2013 APR 12 05:53:23,  3.3911401563488844e+03,  1.3744917656576899e+02, -4.5895946245763879e+00
243, 2013 APR 13 06:34:54,  3.3911376993969889e+03,  1.3744917656564940e+02, -4.5895946245403181e+00
244, 2013 APR 14 07:16:26,  3.3911352494321400e+03,  1.3744917656582962e+02, -4.5895946247155734e+00
245, 2013 APR 15 07:57:58,  3.3911328068729422e+03,  1.3744917656582587e+02, -4.5895946246157306e+00
246, 2013 APR 16 08:39:29,  3.3911303720611031e+03,  1.3744917656535745e+02, -4.5895946243778702e+00
247, 2013 APR 17 09:21:01,  3.3911279452051385e+03,  1.3744917656568938e+02, -4.5895946248280168e+00
248, 2013 APR 18 10:02:33,  3.3911255267789152e+03,  1.3744917656594890e+02, -4.5895946247887833e+00
249, 2013 APR 19 10:44:04,  3.3911231169923808e+03,  1.3744917656577343e+02, -4.5895946249091368e+00
250, 2013 APR 20 11:25:36,  3.3911207161965622e+03,  1.3744917656534821e+02, -4.5895946247977104e+00
251, 2013 APR 21 12:07:08,  3.3911183246366045e+03,  1.3744917656516677e+02, -4.5895946246289698e+00
252, 2013 APR 22 12:48:39,  3.3911159426786030e+03,  1.3744917656544698e+02, -4.5895946246293846e+00
253, 2013 APR 23 13:30:11,  3.3911135704619842e+03,  1.3744917656516407e+02, -4.5895946248147972e+00
254, 2013 APR 24 14:11:43,  3.3911112084578303e+03,  1.3744917656509608e+02, -4.5895946245317560e+00
255, 2013 APR 25 14:53:15,  3.3911088567352804e+03,  1.3744917656560361e+02, -4.5895946249906672e+00
256, 2013 APR 26 15:34:46,  3.3911065156557402e+03,  1.3744917656550763e+02, -4.5895946250392265e+00
257, 2013 APR 27 16:16:18,  3.3911041855102567e+03,  1.3744917656548157e+02, -4.5895946248105046e+00
258, 2013 APR 28 16:57:50,  3.3911018664464691e+03,  1.3744917656514545e+02, -4.5895946247127393e+00
259, 2013 APR 29 17:39:21,  3.3910995587152838e+03,  1.3744917656535884e+02, -4.5895946248161703e+00
260, 2013 APR 30 18:20:53,  3.3910972625750119e+03,  1.3744917656525615e+02, -4.5895946248378943e+00
261, 2013 MAY 01 19:02:25,  3.3910949781743734e+03,  1.3744917656526579e+02, -4.5895946248679653e+00
262, 2013 MAY 02 19:43:56,  3.3910927057641120e+03,  1.3744917656572227e+02, -4.5895946253306352e+00
263, 2013 MAY 03 20:25:28,  3.3910904455942832e+03,  1.3744917656492632e+02, -4.5895946246449384e+00
264, 2013 MAY 04 21:07:00,  3.3910881977358417e+03,  1.3744917656507880e+02, -4.5895946248526407e+00
265, 2013 MAY 05 21:48:31,  3.3910859624894247e+03,  1.3744917656516793e+02, -4.5895946249176198e+00
266, 2013 MAY 06 22:30:03,  3.3910837399291863e+03,  1.3744917656519715e+02, -4.5895946250504318e+00
267, 2013 MAY 07 23:11:35,  3.3910815302802575e+03,  1.3744917656535088e+02, -4.5895946250956374e+00
268, 2013 MAY 08 23:53:06,  3.3910793336869924e+03,  1.3744917656527210e+02, -4.5895946251235964e+00
269, 2013 MAY 10 00:34:38,  3.3910771502815073e+03,  1.3744917656493993e+02, -4.5895946247667219e+00
270, 2013 MAY 11 01:16:10,  3.3910749802054020e+03,  1.3744917656495048e+02, -4.5895946249145947e+00
271, 2013 MAY 12 01:57:42,  3.3910728236202335e+03,  1.3744917656523333e+02, -4.5895946251481101e+00
272, 2013 MAY 13 02:39:13,  3.3910707435249910e+03,  1.3744915964866431e+02, -4.5895783050546894e+00
273, 2013 MAY 14 03:20:45,  3.3910686142180143e+03,  1.3744915964846800e+02, -4.5895783048921999e+00
274, 2013 MAY 15 04:02:17,  3.3910665040243480e+03,  1.3744915561482765e+02, -4.5895898956610877e+00
275, 2013 MAY 16 04:43:48,  3.3910644024562189e+03,  1.3744915561449520e+02, -4.5895898957368120e+00
276, 2013 MAY 17 05:25:20,  3.3910623148886039e+03,  1.3744915561479209e+02, -4.5895898957309038e+00
277, 2013 MAY 18 06:06:52,  3.3910602414646014e+03,  1.3744915561446751e+02, -4.5895898957344237e+00
278, 2013 MAY 19 06:48:23,  3.3910581821081869e+03,  1.3744915561427203e+02, -4.5895898954473902e+00
279, 2013 MAY 20 07:29:55,  3.3910561370746218e+03,  1.3744915561430625e+02, -4.5895898958130230e+00
280, 2013 MAY 21 08:11:27,  3.3910541062443199e+03,  1.3744915561441030e+02, -4.5895898959562178e+00
281, 2013 MAY 22 08:52:58,  3.3910520898017494e+03,  1.3744915561451785e+02, -4.5895898958445578e+00
282, 2013 MAY 23 09:34:30,  3.3910500877442687e+03,  1.3744915561440953e+02, -4.5895898958653101e+00
283, 2013 MAY 24 10:16:02,  3.3910481000978957e+03,  1.3744915561441013e+02, -4.5895898958726811e+00
284, 2013 MAY 25 10:57:33,  3.3910461269281773e+03,  1.3744915561466797e+02, -4.5895898960818098e+00
285, 2013 MAY 26 11:39:05,  3.3910441682421533e+03,  1.3744915561407512e+02, -4.5895898956149654e+00
286, 2013 MAY 27 12:20:37,  3.3910422240458875e+03,  1.3744915561412151e+02, -4.5895898959639130e+00
287, 2013 MAY 28 13:02:09,  3.3910402943704880e+03,  1.3744915561440317e+02, -4.5895898959512031e+00
288, 2013 MAY 29 13:43:40,  3.3910383792060593e+03,  1.3744915561485411e+02, -4.5895898961260828e+00
289, 2013 MAY 30 14:25:12,  3.3910364785065576e+03,  1.3744915561446496e+02, -4.5895898957917396e+00
290, 2013 MAY 31 15:06:44,  3.3910345923708192e+03,  1.3744915561441181e+02, -4.5895898959451511e+00
291, 2013 JUN 01 15:48:15,  3.3910327206798406e+03,  1.3744915561394726e+02, -4.5895898957343535e+00
292, 2013 JUN 02 16:29:47,  3.3910308634807739e+03,  1.3744915561442494e+02, -4.5895898960201924e+00
293, 2013 JUN 03 17:11:19,  3.3910290206765571e+03,  1.3744915561451427e+02, -4.5895898958175607e+00
294, 2013 JUN 04 17:52:50,  3.3910271923025252e+03,  1.3744915561442238e+02, -4.5895898959950312e+00
295, 2013 JUN 05 18:34:22,  3.3910254608514751e+03,  1.3744915302114566e+02, -4.5896142610184762e+00
296, 2013 JUN 06 19:15:54,  3.3910236611290661e+03,  1.3744915302145105e+02, -4.5896142614019118e+00
297, 2013 JUN 07 19:57:25,  3.3910212750051378e+03,  1.3744931954097260e+02, -4.5896885068534461e+00
298, 2013 JUN 08 20:38:57,  3.3910195037382996e+03,  1.3744931954106559e+02, -4.5896885066372048e+00
299, 2013 JUN 09 21:20:29,  3.3910188324530050e+03,  1.3744919744857765e+02, -4.5897713660686836e+00
300, 2013 JUN 10 22:02:01,  3.3910170894387225e+03,  1.3744919744876682e+02, -4.5897713663439523e+00
301, 2013 JUN 11 22:43:32,  3.3910162945639163e+03,  1.3744901652204661e+02, -4.5898627056546273e+00
302, 2013 JUN 12 23:25:04,  3.3910148562161157e+03,  1.3744898596089848e+02, -4.5899007600146291e+00
303, 2013 JUN 14 00:06:36,  3.3910131550063761e+03,  1.3744898596115905e+02, -4.5899007596434629e+00
304, 2013 JUN 15 00:48:07,  3.3910114675510431e+03,  1.3744898596108413e+02, -4.5899007600314317e+00
305, 2013 JUN 16 01:29:39,  3.3910097937921496e+03,  1.3744898596077823e+02, -4.5899007598548849e+00
306, 2013 JUN 17 02:11:11,  3.3910081336332323e+03,  1.3744898596074762e+02, -4.5899007600770378e+00
307, 2013 JUN 18 02:52:42,  3.3910057911340718e+03,  1.3744930381544899e+02, -4.5902853961901684e+00
308, 2013 JUN 19 03:34:14,  3.3910050383070420e+03,  1.3744905934446740e+02, -4.5905075428324178e+00
309, 2013 JUN 20 04:15:46,  3.3910036443710569e+03,  1.3744902915572160e+02, -4.5905043870948825e+00
310, 2013 JUN 21 04:57:17,  3.3910020376054104e+03,  1.3744902915572399e+02, -4.5905043869087772e+00
311, 2013 JUN 22 05:38:49,  3.3910004439174213e+03,  1.3744902915549869e+02, -4.5905043869906832e+00
312, 2013 JUN 23 06:20:21,  3.3909988632169152e+03,  1.3744902915561525e+02, -4.5905043872790285e+00
313, 2013 JUN 24 07:01:52,  3.3909971119705865e+03,  1.3744890726743631e+02, -4.5905913650458832e+00
314, 2013 JUN 25 07:43:24,  3.3909955568129403e+03,  1.3744890726764433e+02, -4.5905913650799510e+00
315, 2013 JUN 26 08:24:56,  3.3909940143378981e+03,  1.3744890726758675e+02, -4.5905913651420507e+00
316, 2013 JUN 27 09:06:28,  3.3909924843251274e+03,  1.3744890726700390e+02, -4.5905913650816421e+00
317, 2013 JUN 28 09:47:59,  3.3909911584581573e+03,  1.3744881104091587e+02, -4.5906431045201241e+00
318, 2013 JUN 29 10:29:31,  3.3909896531242111e+03,  1.3744881104128868e+02, -4.5906431045566229e+00
319, 2013 JUN 30 11:11:03,  3.3909881598996635e+03,  1.3744881104107378e+02, -4.5906431044268201e+00
320, 2013 JUL 01 11:52:34,  3.3909866786871230e+03,  1.3744881104059240e+02, -4.5906431043463911e+00
321, 2013 JUL 02 12:34:06,  3.3909852093209943e+03,  1.3744881104092724e+02, -4.5906431043625409e+00
322, 2013 JUL 03 13:15:38,  3.3909837517404312e+03,  1.3744881104107904e+02, -4.5906431043220710e+00
323, 2013 JUL 04 13:57:09,  3.3909823057777321e+03,  1.3744881104089708e+02, -4.5906431046481142e+00
324, 2013 JUL 05 14:38:41,  3.3909805926715098e+03,  1.3744873120271268e+02, -4.5903500420369703e+00
325, 2013 JUL 06 15:20:13,  3.3909791695763874e+03,  1.3744873120257114e+02, -4.5903500425765253e+00
326, 2013 JUL 07 16:01:44,  3.3909777576702327e+03,  1.3744873120261991e+02, -4.5903500422434034e+00
327, 2013 JUL 08 16:43:16,  3.3909783467298344e+03,  1.3744806907510906e+02, -4.5903493374975524e+00
328, 2013 JUL 09 17:24:48,  3.3909769569126374e+03,  1.3744806907482382e+02, -4.5903493375275168e+00
329, 2013 JUL 10 18:06:19,  3.3909770221899430e+03,  1.3744744652575599e+02, -4.5903710515404565e+00
330, 2013 JUL 11 18:47:51,  3.3909756538719303e+03,  1.3744744652565828e+02, -4.5903710515655254e+00
331, 2013 JUL 12 19:29:23,  3.3909763110638187e+03,  1.3744711806656318e+02, -4.5907106082358879e+00
332, 2013 JUL 13 20:10:55,  3.3909749637519926e+03,  1.3744711806606350e+02, -4.5907106084889779e+00
333, 2013 JUL 14 20:52:26,  3.3909747935244918e+03,  1.3744697597400705e+02, -4.5909211502515399e+00
334, 2013 JUL 15 21:33:58,  3.3909734666764048e+03,  1.3744697597417567e+02, -4.5909211500645233e+00
335, 2013 JUL 16 22:15:30,  3.3909740793823294e+03,  1.3744660259764464e+02, -4.5914353910626247e+00
336, 2013 JUL 17 22:57:01,  3.3909750604553315e+03,  1.3744612999331321e+02, -4.5917294678850009e+00
337, 2013 JUL 18 23:38:33,  3.3909762437573822e+03,  1.3744553563688314e+02, -4.5920562583327458e+00
338, 2013 JUL 20 00:20:05,  3.3909776014470694e+03,  1.3744505918576752e+02, -4.5923793157479054e+00
339, 2013 JUL 21 01:01:36,  3.3909763235890018e+03,  1.3744505918592961e+02, -4.5923793154185333e+00
340, 2013 JUL 22 01:43:08,  3.3909760754085382e+03,  1.3744398266650819e+02, -4.5933762024431664e+00
341, 2013 JUL 23 02:24:40,  3.3909748163337144e+03,  1.3744398266684141e+02, -4.5933762023167732e+00
342, 2013 JUL 24 03:06:11,  3.3909766162228198e+03,  1.3744336030976635e+02, -4.5941997832635488e+00
343, 2013 JUL 25 03:47:43,  3.3909767176635410e+03,  1.3744279074997732e+02, -4.5942175363193751e+00
344, 2013 JUL 26 04:29:15,  3.3909761267850445e+03,  1.3744164081532736e+02, -4.5944482584092468e+00
345, 2013 JUL 27 05:10:46,  3.3909744985168718e+03,  1.3744063554942065e+02, -4.5950408860439991e+00
346, 2013 JUL 28 05:52:18,  3.3909732843533684e+03,  1.3744063554928599e+02, -4.5950408859991381e+00
347, 2013 JUL 29 06:33:50,  3.3909725212584581e+03,  1.3743976000218981e+02, -4.5955556195121696e+00
348, 2013 JUL 30 07:15:22,  3.3909713243484748e+03,  1.3743976000277175e+02, -4.5955556192066185e+00
349, 2013 JUL 31 07:56:53,  3.3909694462058906e+03,  1.3743945372490973e+02, -4.5966979629488431e+00
350, 2013 AUG 01 08:38:25,  3.3909682661689808e+03,  1.3743945372470475e+02, -4.5966979624600413e+00
351, 2013 AUG 02 09:19:57,  3.3909662579771598e+03,  1.3743815719545802e+02, -4.5972817106219850e+00
352, 2013 AUG 03 10:01:28,  3.3909650944569839e+03,  1.3743815719564506e+02, -4.5972817102022914e+00
353, 2013 AUG 04 10:43:00,  3.3909639390272978e+03,  1.3743815719621159e+02, -4.5972817101168548e+00
354, 2013 AUG 05 11:24:32,  3.3909637223394616e+03,  1.3743734897547742e+02, -4.5972422508116262e+00
355, 2013 AUG 06 12:06:03,  3.3909625829616070e+03,  1.3743734897582630e+02, -4.5972422502254959e+00
356, 2013 AUG 07 12:47:35,  3.3909613347585350e+03,  1.3743651458095485e+02, -4.5973882390908702e+00
357, 2013 AUG 08 13:29:07,  3.3909602111296440e+03,  1.3743651458079214e+02, -4.5973882392702707e+00
358, 2013 AUG 09 14:10:38,  3.3909594072868840e+03,  1.3743641589306250e+02, -4.5979711798334453e+00
359, 2013 AUG 10 14:52:10,  3.3909582991803081e+03,  1.3743641589292668e+02, -4.5979711799223209e+00
360, 2013 AUG 11 15:33:42,  3.3909571987522081e+03,  1.3743641589255461e+02, -4.5979711800107292e+00
361, 2013 AUG 12 16:15:14,  3.3909556540736221e+03,  1.3743586386306959e+02, -4.5990530368526654e+00
362, 2013 AUG 13 16:56:45,  3.3909545687900495e+03,  1.3743586386373670e+02, -4.5990530366189288e+00
363, 2013 AUG 14 17:38:17,  3.3909532703453251e+03,  1.3743450464701192e+02, -4.5994614423964206e+00
364, 2013 AUG 15 18:19:49,  3.3909522000545071e+03,  1.3743450464742517e+02, -4.5994614420516342e+00
365, 2013 AUG 16 19:01:20,  3.3909508520898521e+03,  1.3743414829680535e+02, -4.5997312426123980e+00
366, 2013 AUG 17 19:42:52,  3.3909497966495665e+03,  1.3743414829736716e+02, -4.5997312424935766e+00
367, 2013 AUG 18 20:24:24,  3.3909487486363241e+03,  1.3743414829737182e+02, -4.5997312425446735e+00
368, 2013 AUG 19 21:05:55,  3.3909477079891863e+03,  1.3743414829728337e+02, -4.5997312427096810e+00
369, 2013 AUG 20 21:47:27,  3.3909457641881932e+03,  1.3743314229952995e+02, -4.6003582284247670e+00
370, 2013 AUG 21 22:28:59,  3.3909451636829740e+03,  1.3743191643612903e+02, -4.6004916017828901e+00
371, 2013 AUG 22 23:10:30,  3.3909447935920657e+03,  1.3743041922737766e+02, -4.6007380462311929e+00
372, 2013 AUG 23 23:52:02,  3.3909447656504399e+03,  1.3742981537091427e+02, -4.6010259359273924e+00
373, 2013 AUG 25 00:33:34,  3.3909437616523878e+03,  1.3742981537088241e+02, -4.6010259361420554e+00
374, 2013 AUG 26 01:15:05,  3.3909432876674687e+03,  1.3742995067780916e+02, -4.6016263177509913e+00
375, 2013 AUG 27 01:56:37,  3.3909422983503860e+03,  1.3742995067840295e+02, -4.6016263177169234e+00
376, 2013 AUG 28 02:38:09,  3.3909397783947529e+03,  1.3742949508650258e+02, -4.6021767367200566e+00
377, 2013 AUG 29 03:19:41,  3.3909399479509370e+03,  1.3742886051017169e+02, -4.6027750683791382e+00
378, 2013 AUG 30 04:01:12,  3.3909385781343117e+03,  1.3742785781970647e+02, -4.6039199331181111e+00
379, 2013 AUG 31 04:42:44,  3.3909379987293360e+03,  1.3742761892004057e+02, -4.6040069295529857e+00
380, 2013 SEP 01 05:24:16,  3.3909370465473567e+03,  1.3742761892026283e+02, -4.6040069292516508e+00
381, 2013 SEP 02 06:05:47,  3.3909361019064959e+03,  1.3742761892045078e+02, -4.6040069293663981e+00
382, 2013 SEP 03 06:47:19,  3.3909351648179731e+03,  1.3742761892075106e+02, -4.6040069294695574e+00
383, 2013 SEP 04 07:28:51,  3.3909337097182815e+03,  1.3742707461308615e+02, -4.6044745356014873e+00
384, 2013 SEP 05 08:10:22,  3.3909327879499101e+03,  1.3742707461281728e+02, -4.6044745356534884e+00
385, 2013 SEP 06 08:51:54,  3.3909354476322587e+03,  1.3742640806121889e+02, -4.6066111966231222e+00
386, 2013 SEP 07 09:33:26,  3.3909345414212939e+03,  1.3742640806112507e+02, -4.6066111966343346e+00
387, 2013 SEP 08 10:14:57,  3.3909336430664594e+03,  1.3742640806129540e+02, -4.6066111966222332e+00
388, 2013 SEP 09 10:56:29,  3.3909322365129906e+03,  1.3742621010614982e+02, -4.6068541466789439e+00
389, 2013 SEP 10 11:38:01,  3.3909313541437728e+03,  1.3742621010538176e+02, -4.6068541473180824e+00
390, 2013 SEP 11 12:19:32,  3.3909261394627770e+03,  1.3742541484254536e+02, -4.6076702195508572e+00
391, 2013 SEP 12 13:01:04,  3.3909252733833109e+03,  1.3742541484256569e+02, -4.6076702192806751e+00
392, 2013 SEP 13 13:42:36,  3.3909245425865370e+03,  1.3742542820596927e+02, -4.6077120809186374e+00
393, 2013 SEP 14 14:24:08,  3.3909236932194453e+03,  1.3742542820594684e+02, -4.6077120810167305e+00
394, 2013 SEP 15 15:05:39,  3.3909228522939170e+03,  1.3742542820643703e+02, -4.6077120808834984e+00
395, 2013 SEP 16 15:47:11,  3.3909220199885140e+03,  1.3742542820596270e+02, -4.6077120813742276e+00
396, 2013 SEP 17 16:28:43,  3.3909219296692963e+03,  1.3742541334242821e+02, -4.6078147305670347e+00
397, 2013 SEP 18 17:10:14,  3.3909211148542154e+03,  1.3742541334209551e+02, -4.6078147307243178e+00
398, 2013 SEP 19 17:51:46,  3.3909203090080105e+03,  1.3742541334202565e+02, -4.6078147303186521e+00
399, 2013 SEP 20 18:33:18,  3.3909195121958801e+03,  1.3742541334236770e+02, -4.6078147306406425e+00
400, 2013 SEP 21 19:14:49,  3.3909187245719891e+03,  1.3742541334174007e+02, -4.6078147307592205e+00
401, 2013 SEP 22 19:56:21,  3.3909179462370398e+03,  1.3742541334264624e+02, -4.6078147305772719e+00
402, 2013 SEP 23 20:37:53,  3.3909175859120141e+03,  1.3742503768703037e+02, -4.6077995372304148e+00
403, 2013 SEP 24 21:19:24,  3.3909170936936885e+03,  1.3742434640940348e+02, -4.6086654465425667e+00
404, 2013 SEP 25 22:00:56,  3.3909187090402511e+03,  1.3742346235280962e+02, -4.6092408001640370e+00
405, 2013 SEP 26 22:42:28,  3.3909179693069805e+03,  1.3742346235288224e+02, -4.6092408001305429e+00
406, 2013 SEP 27 23:23:59,  3.3909169115963718e+03,  1.3742291543282667e+02, -4.6102280670134261e+00
407, 2013 SEP 29 00:05:31,  3.3909161920003785e+03,  1.3742291543331837e+02, -4.6102280671199196e+00
408, 2013 SEP 30 00:47:03,  3.3909154827485027e+03,  1.3742291543302068e+02, -4.6102280672079106e+00
409, 2013 OCT 01 01:28:35,  3.3909149610917821e+03,  1.3742302610818098e+02, -4.6113699693735839e+00
410, 2013 OCT 02 02:10:06,  3.3909155103427520e+03,  1.3742269544882072e+02, -4.6118166447861810e+00
411, 2013 OCT 03 02:51:38,  3.3909148330095468e+03,  1.3742269544943485e+02, -4.6118166446088571e+00
412, 2013 OCT 04 03:33:10,  3.3909139380074871e+03,  1.3742127671245814e+02, -4.6125584600551512e+00
413, 2013 OCT 05 04:14:41,  3.3909160152374739e+03,  1.3742126552370885e+02, -4.6138232476589103e+00
414, 2013 OCT 06 04:56:13,  3.3909153713399787e+03,  1.3742126552354370e+02, -4.6138232473463408e+00
415, 2013 OCT 07 05:37:45,  3.3909147389344989e+03,  1.3742126552320187e+02, -4.6138232476983374e+00
416, 2013 OCT 08 06:19:16,  3.3909141182108979e+03,  1.3742126552285757e+02, -4.6138232477035261e+00
417, 2013 OCT 09 07:00:48,  3.3909148261966052e+03,  1.3742035078206013e+02, -4.6141286565260859e+00
418, 2013 OCT 10 07:42:20,  3.3909142293426394e+03,  1.3742035078258485e+02, -4.6141286564572246e+00
419, 2013 OCT 11 08:23:51,  3.3909148686950321e+03,  1.3741957578272272e+02, -4.6160364036120054e+00
420, 2013 OCT 12 09:05:23,  3.3909142964720459e+03,  1.3741957578217975e+02, -4.6160364034161061e+00
421, 2013 OCT 13 09:46:55,  3.3909137368704892e+03,  1.3741957578266641e+02, -4.6160364037291099e+00
422, 2013 OCT 14 10:28:26,  3.3909130550731065e+03,  1.3741920581492090e+02, -4.6171520300922593e+00
423, 2013 OCT 15 11:09:58,  3.3909125212507352e+03,  1.3741920581481642e+02, -4.6171520302537230e+00
424, 2013 OCT 16 11:51:30,  3.3909123806725156e+03,  1.3741892466042464e+02, -4.6186029412158636e+00
425, 2013 OCT 17 12:33:02,  3.3909118734222830e+03,  1.3741892466051530e+02, -4.6186029413043057e+00
426, 2013 OCT 18 13:14:33,  3.3909132301814825e+03,  1.3741817323850196e+02, -4.6189015626865819e+00
427, 2013 OCT 19 13:56:05,  3.3909127502843780e+03,  1.3741817323889654e+02, -4.6189015622823621e+00
428, 2013 OCT 20 14:37:37,  3.3909122843867858e+03,  1.3741817323799268e+02, -4.6189015627192802e+00
429, 2013 OCT 21 15:19:08,  3.3909123035844486e+03,  1.3741759761329303e+02, -4.6193734765393053e+00
430, 2013 OCT 22 16:00:40,  3.3909118662218866e+03,  1.3741759761271894e+02, -4.6193734768028403e+00
431, 2013 OCT 23 16:42:12,  3.3909119651048150e+03,  1.3741683999239243e+02, -4.6201775364749151e+00
432, 2013 OCT 24 17:23:43,  3.3909115571091966e+03,  1.3741683999230199e+02, -4.6201775365850946e+00
433, 2013 OCT 25 18:05:15,  3.3909148355260622e+03,  1.3741574422810857e+02, -4.6209669733377456e+00
434, 2013 OCT 26 18:46:47,  3.3909144577542424e+03,  1.3741574422769159e+02, -4.6209669738849257e+00
435, 2013 OCT 27 19:28:18,  3.3909140954063523e+03,  1.3741574422713759e+02, -4.6209669734995167e+00
436, 2013 OCT 28 20:09:50,  3.3909137489665609e+03,  1.3741466335477716e+02, -4.6220694255513228e+00
437, 2013 OCT 29 20:51:22,  3.3909140315722730e+03,  1.3741449968188036e+02, -4.6225443090317535e+00
438, 2013 OCT 30 21:32:54,  3.3909122721545327e+03,  1.3741380521314937e+02, -4.6229576590303463e+00
439, 2013 OCT 31 22:14:25,  3.3909113084786554e+03,  1.3741351187936917e+02, -4.6232496673221144e+00
440, 2013 NOV 01 22:55:57,  3.3909113499891860e+03,  1.3741345251879477e+02, -4.6232946260500496e+00
441, 2013 NOV 02 23:37:29,  3.3909110844164888e+03,  1.3741345251870229e+02, -4.6232946262804031e+00
442, 2013 NOV 04 00:19:00,  3.3909108356792822e+03,  1.3741345251816318e+02, -4.6232946264978798e+00
443, 2013 NOV 05 01:00:32,  3.3909106040129259e+03,  1.3741345251839522e+02, -4.6232946264795833e+00
444, 2013 NOV 06 01:42:04,  3.3909103896535535e+03,  1.3741345251854150e+02, -4.6232946265690851e+00
445, 2013 NOV 07 02:23:35,  3.3909101927004263e+03,  1.3741345251855969e+02, -4.6232946261509325e+00
446, 2013 NOV 08 03:05:07,  3.3909100134286527e+03,  1.3741345251790156e+02, -4.6232946265247152e+00
447, 2013 NOV 09 03:46:39,  3.3909098520648936e+03,  1.3741345251789900e+02, -4.6232946266528776e+00
448, 2013 NOV 10 04:28:10,  3.3909097087496812e+03,  1.3741345251743215e+02, -4.6232946264571977e+00
449, 2013 NOV 11 05:09:42,  3.3909095836435204e+03,  1.3741345251785830e+02, -4.6232946263787902e+00
450, 2013 NOV 12 05:51:14,  3.3909094770684628e+03,  1.3741345251817685e+02, -4.6232946260028722e+00
451, 2013 NOV 13 06:32:45,  3.3909093891089256e+03,  1.3741345251780490e+02, -4.6232946263181738e+00
452, 2013 NOV 14 07:14:17,  3.3909093200296361e+03,  1.3741345251735237e+02, -4.6232946266050350e+00
453, 2013 NOV 15 07:55:49,  3.3909115914890122e+03,  1.3741311871764415e+02, -4.6234670597853222e+00
454, 2013 NOV 16 08:37:21,  3.3909120464992002e+03,  1.3741150304371817e+02, -4.6233604523142589e+00
455, 2013 NOV 17 09:18:52,  3.3909122263167646e+03,  1.3741067649314220e+02, -4.6240723160155301e+00
456, 2013 NOV 18 10:00:24,  3.3909122343636941e+03,  1.3741067649291227e+02, -4.6240723159804542e+00
457, 2013 NOV 19 10:41:56,  3.3909122621426545e+03,  1.3741067649348844e+02, -4.6240723157927466e+00
458, 2013 NOV 20 11:23:27,  3.3909123098709028e+03,  1.3741067649394924e+02, -4.6240723160243107e+00
459, 2013 NOV 21 12:04:59,  3.3909123777281461e+03,  1.3741067649372496e+02, -4.6240723160196042e+00
460, 2013 NOV 22 12:46:31,  3.3909124658504838e+03,  1.3741067649415882e+02, -4.6240723157880934e+00
461, 2013 NOV 23 13:28:02,  3.3909125744425528e+03,  1.3741067649356947e+02, -4.6240723161284132e+00
462, 2013 NOV 24 14:09:34,  3.3909127036731097e+03,  1.3741067649372408e+02, -4.6240723161262993e+00
463, 2013 NOV 25 14:51:06,  3.3909128536615826e+03,  1.3741067649418551e+02, -4.6240723161417252e+00
464, 2013 NOV 26 15:32:37,  3.3909130245680108e+03,  1.3741067649431605e+02, -4.6240723158520733e+00
465, 2013 NOV 27 16:14:09,  3.3909133956360583e+03,  1.3741013449551883e+02, -4.6244099864099200e+00
466, 2013 NOV 28 16:55:41,  3.3909136089113094e+03,  1.3741013449543323e+02, -4.6244099866915551e+00
467, 2013 NOV 29 17:37:12,  3.3909138435665868e+03,  1.3741013449538141e+02, -4.6244099867596731e+00
468, 2013 NOV 30 18:18:44,  3.3909140997521517e+03,  1.3741013449570025e+02, -4.6244099869171515e+00
469, 2013 DEC 01 19:00:16,  3.3909143776231267e+03,  1.3741013449584975e+02, -4.6244099867496749e+00
470, 2013 DEC 02 19:41:48,  3.3909167260085110e+03,  1.3740932087456463e+02, -4.6251668867060749e+00
471, 2013 DEC 03 20:23:19,  3.3909170476310919e+03,  1.3740932087475309e+02, -4.6251668866747027e+00
472, 2013 DEC 04 21:04:51,  3.3909185738610818e+03,  1.3740878929451011e+02, -4.6258218279180792e+00
473, 2013 DEC 05 21:46:23,  3.3909189397243090e+03,  1.3740878929491424e+02, -4.6258218280062859e+00
474, 2013 DEC 06 22:27:54,  3.3909191328044449e+03,  1.3740870116508864e+02, -4.6258257260886015e+00
475, 2013 DEC 07 23:09:26,  3.3909195434318208e+03,  1.3740870116467937e+02, -4.6258257259280420e+00
476, 2013 DEC 08 23:50:58,  3.3909199766311763e+03,  1.3740870116527839e+02, -4.6258257258729101e+00
477, 2013 DEC 10 00:32:29,  3.3909207043930260e+03,  1.3740865995727995e+02, -4.6258989510184172e+00
478, 2013 DEC 11 01:14:01,  3.3909211830023933e+03,  1.3740865995676225e+02, -4.6258989509554800e+00
479, 2013 DEC 12 01:55:33,  3.3909216844288703e+03,  1.3740865995666030e+02, -4.6258989513259383e+00
480, 2013 DEC 13 02:37:04,  3.3909222088065872e+03,  1.3740865995700227e+02, -4.6258989510186783e+00
481, 2013 DEC 14 03:18:36,  3.3909227561950897e+03,  1.3740865995714418e+02, -4.6258989509534016e+00
482, 2013 DEC 15 04:00:08,  3.3909233267021182e+03,  1.3740865995664848e+02, -4.6258989513858593e+00
483, 2013 DEC 16 04:41:39,  3.3909239203571260e+03,  1.3740865995685377e+02, -4.6258989511436770e+00
484, 2013 DEC 17 05:23:11,  3.3909245372838996e+03,  1.3740865995698402e+02, -4.6258989513383773e+00
485, 2013 DEC 18 06:04:43,  3.3909251775080324e+03,  1.3740865995738528e+02, -4.6258989510767181e+00
486, 2013 DEC 19 06:46:15,  3.3909258411172304e+03,  1.3740865995722899e+02, -4.6258989512401074e+00
487, 2013 DEC 20 07:27:46,  3.3909265281420153e+03,  1.3740865995750636e+02, -4.6258989512648094e+00
488, 2013 DEC 21 08:09:18,  3.3909272057681833e+03,  1.3740866085604694e+02, -4.6258902329965697e+00
489, 2013 DEC 22 08:50:50,  3.3909279397910705e+03,  1.3740866085621261e+02, -4.6258902329390743e+00
490, 2013 DEC 23 09:32:21,  3.3909287750543299e+03,  1.3740865833002402e+02, -4.6259113189604957e+00
491, 2013 DEC 24 10:13:53,  3.3909295562138923e+03,  1.3740865832989994e+02, -4.6259113193382664e+00
492, 2013 DEC 25 10:55:25,  3.3909303610026391e+03,  1.3740865833055307e+02, -4.6259113188586083e+00
493, 2013 DEC 26 11:36:56,  3.3909311893742233e+03,  1.3740865832987620e+02, -4.6259113192571677e+00
494, 2013 DEC 27 12:18:28,  3.3909330169806753e+03,  1.3740850797191953e+02, -4.6261950625107149e+00
495, 2013 DEC 28 13:00:00,  3.3909338926621604e+03,  1.3740850797177768e+02, -4.6261950629100603e+00
496, 2013 DEC 29 13:41:31,  3.3909347920280638e+03,  1.3740850797174502e+02, -4.6261950624868993e+00
497, 2013 DEC 30 14:23:03,  3.3909357150277397e+03,  1.3740850797172931e+02, -4.6261950627028945e+00
498, 2013 DEC 31 15:04:35,  3.3909366616902298e+03,  1.3740850797176873e+02, -4.6261950628101793e+00
499, 2014 JAN 01 15:46:07,  3.3909376319486587e+03,  1.3740850797263909e+02, -4.6261950626145465e+00
500, 2014 JAN 02 16:27:38,  3.3909386258359136e+03,  1.3740850797227080e+02, -4.6261950626413810e+00
501, 2014 JAN 03 17:09:10,  3.3909396433122879e+03,  1.3740850797188824e+02, -4.6261950626492805e+00
502, 2014 JAN 04 17:50:42,  3.3909406843171737e+03,  1.3740850797254288e+02, -4.6261950625679642e+00
503, 2014 JAN 05 18:32:13,  3.3909417488143044e+03,  1.3740850797244019e+02, -4.6261950626550181e+00
504, 2014 JAN 06 19:13:45,  3.3909420244359826e+03,  1.3740814140231097e+02, -4.6262028300844369e+00
505, 2014 JAN 07 19:55:17,  3.3909431358052138e+03,  1.3740814140283322e+02, -4.6262028299903051e+00
506, 2014 JAN 08 20:36:48,  3.3909449661868989e+03,  1.3740783770406037e+02, -4.6264849596554614e+00
507, 2014 JAN 09 21:18:20,  3.3909461241809754e+03,  1.3740783770480778e+02, -4.6264849590829114e+00
508, 2014 JAN 10 21:59:52,  3.3909475789101457e+03,  1.3740777120125242e+02, -4.6266304966789855e+00
509, 2014 JAN 11 22:41:23,  3.3909487832448372e+03,  1.3740777120133149e+02, -4.6266304964842559e+00
510, 2014 JAN 12 23:22:55,  3.3909500106250107e+03,  1.3740777120196131e+02, -4.6266304965880574e+00
511, 2014 JAN 14 00:04:27,  3.3909518682668713e+03,  1.3740774862608228e+02, -4.6270506587496456e+00
512, 2014 JAN 15 00:45:58,  3.3909531414773141e+03,  1.3740774862479898e+02, -4.6270506589976428e+00
513, 2014 JAN 16 01:27:30,  3.3909544942466500e+03,  1.3740774476053673e+02, -4.6270711532065461e+00
514, 2014 JAN 17 02:09:02,  3.3909558128982785e+03,  1.3740774476060133e+02, -4.6270711531724524e+00
515, 2014 JAN 18 02:50:34,  3.3909584549265760e+03,  1.3740739819399457e+02, -4.6274448064121341e+00
516, 2014 JAN 19 03:32:05,  3.3909598185385053e+03,  1.3740739819387335e+02, -4.6274448066183140e+00
517, 2014 JAN 20 04:13:37,  3.3909612044494220e+03,  1.3740739819388236e+02, -4.6274448065818188e+00
518, 2014 JAN 21 04:55:09,  3.3909621873293759e+03,  1.3740713558826948e+02, -4.6274337419742810e+00
519, 2014 JAN 22 05:36:40,  3.3909611420819429e+03,  1.3740672535627854e+02, -4.6273693545334256e+00
520, 2014 JAN 23 06:18:12,  3.3909621285363687e+03,  1.3740647659757721e+02, -4.6277146696548712e+00
521, 2014 JAN 24 06:59:44,  3.3909643065636183e+03,  1.3740643725248918e+02, -4.6278955388788496e+00
522, 2014 JAN 25 07:41:15,  3.3909658018705636e+03,  1.3740643725274964e+02, -4.6278955387214529e+00
523, 2014 JAN 26 08:22:47,  3.3909673185815441e+03,  1.3740643725267574e+02, -4.6278955386673459e+00
524, 2014 JAN 27 09:04:19,  3.3909709017853033e+03,  1.3740603873941990e+02, -4.6279056151540940e+00
525, 2014 JAN 28 09:45:50,  3.3909724608033821e+03,  1.3740603873915526e+02, -4.6279056154167932e+00
526, 2014 JAN 29 10:27:22,  3.3909741090641369e+03,  1.3740582489140590e+02, -4.6278402358218758e+00
527, 2014 JAN 30 11:08:54,  3.3909750862163469e+03,  1.3740553039728894e+02, -4.6275113278275111e+00
528, 2014 JAN 31 11:50:25,  3.3909771427949950e+03,  1.3740543346568094e+02, -4.6273873112292412e+00
529, 2014 FEB 01 12:31:57,  3.3909787843063109e+03,  1.3740543346618890e+02, -4.6273873110843153e+00
530, 2014 FEB 02 13:13:29,  3.3909804459300317e+03,  1.3740543346578696e+02, -4.6273873112336394e+00
531, 2014 FEB 03 13:55:01,  3.3909821274996698e+03,  1.3740543346627516e+02, -4.6273873110411694e+00
532, 2014 FEB 04 14:36:32,  3.3909838864954195e+03,  1.3740544680777734e+02, -4.6273760933390271e+00
533, 2014 FEB 05 15:18:04,  3.3909859415740211e+03,  1.3740537956382778e+02, -4.6274353614034878e+00
534, 2014 FEB 06 15:59:36,  3.3909876816203282e+03,  1.3740537956384486e+02, -4.6274353616663371e+00
535, 2014 FEB 07 16:41:07,  3.3909888287047138e+03,  1.3740526739484292e+02, -4.6274273271937840e+00
536, 2014 FEB 08 17:22:39,  3.3909906066220224e+03,  1.3740526739457914e+02, -4.6274273272011284e+00
537, 2014 FEB 09 18:04:11,  3.3909924031111518e+03,  1.3740526739456831e+02, -4.6274273274945470e+00
538, 2014 FEB 10 18:45:42,  3.3909927343272420e+03,  1.3740466517548242e+02, -4.6275701079512306e+00
539, 2014 FEB 11 19:27:14,  3.3909945672461968e+03,  1.3740466517573330e+02, -4.6275701079226659e+00
540, 2014 FEB 12 20:08:46,  3.3909986734225686e+03,  1.3740345507431672e+02, -4.6275905319970150e+00
541, 2014 FEB 13 20:50:17,  3.3910005417169623e+03,  1.3740345507363688e+02, -4.6275905322820847e+00
542, 2014 FEB 14 21:31:49,  3.3910032401751041e+03,  1.3740308370063829e+02, -4.6276875980056182e+00
543, 2014 FEB 15 22:13:21,  3.3910051428790557e+03,  1.3740308370091856e+02, -4.6276875979494436e+00
544, 2014 FEB 16 22:54:52,  3.3910070623602037e+03,  1.3740308370033253e+02, -4.6276875980629075e+00
545, 2014 FEB 17 23:36:24,  3.3910079956402406e+03,  1.3740229735091799e+02, -4.6277799523401271e+00
546, 2014 FEB 19 00:17:56,  3.3910099371768038e+03,  1.3740228272153593e+02, -4.6277947183213417e+00
547, 2014 FEB 20 00:59:28,  3.3910088064844163e+03,  1.3740089212467643e+02, -4.6286351829180887e+00
548, 2014 FEB 21 01:40:59,  3.3910138690497542e+03,  1.3739962615999147e+02, -4.6295543959245631e+00
549, 2014 FEB 22 02:22:31,  3.3910159012081826e+03,  1.3739963776481588e+02, -4.6296655025156541e+00
550, 2014 FEB 23 03:04:03,  3.3910184501666258e+03,  1.3739944327202713e+02, -4.6297430606846959e+00
551, 2014 FEB 24 03:45:34,  3.3910204792914919e+03,  1.3739944327199754e+02, -4.6297430606703864e+00
552, 2014 FEB 25 04:27:06,  3.3910215688513658e+03,  1.3739844541610637e+02, -4.6304872653296227e+00
553, 2014 FEB 26 05:08:38,  3.3910241798850266e+03,  1.3739820493521052e+02, -4.6313845114358170e+00
554, 2014 FEB 27 05:50:09,  3.3910263014182965e+03,  1.3739820334147848e+02, -4.6314045666183059e+00
555, 2014 FEB 28 06:31:41,  3.3910311665597305e+03,  1.3739828282823973e+02, -4.6321462135912563e+00
556, 2014 MAR 01 07:13:13,  3.3910332651827116e+03,  1.3739828282868942e+02, -4.6321462132124234e+00
557, 2014 MAR 02 07:54:44,  3.3910353767226466e+03,  1.3739828282834293e+02, -4.6321462133502731e+00
558, 2014 MAR 03 08:36:16,  3.3910375008874494e+03,  1.3739828282847475e+02, -4.6321462137675180e+00
559, 2014 MAR 04 09:17:48,  3.3910410371820503e+03,  1.3739842261503847e+02, -4.6331004555779485e+00
560, 2014 MAR 05 09:59:19,  3.3910452017335629e+03,  1.3739803037008065e+02, -4.6331950697885196e+00
561, 2014 MAR 06 10:40:51,  3.3910476212054109e+03,  1.3739762303350227e+02, -4.6330547444407157e+00
562, 2014 MAR 07 11:22:23,  3.3910497177089014e+03,  1.3739762888165029e+02, -4.6330344532637078e+00
563, 2014 MAR 08 12:03:55,  3.3910533107154693e+03,  1.3739767661663839e+02, -4.6332820988258794e+00
564, 2014 MAR 09 12:45:26,  3.3910521345962147e+03,  1.3739704103287536e+02, -4.6335610291270619e+00
565, 2014 MAR 10 13:26:58,  3.3910565852093027e+03,  1.3739692131941180e+02, -4.6340761742371859e+00
566, 2014 MAR 11 14:08:30,  3.3910588588718069e+03,  1.3739694247442776e+02, -4.6340855359511526e+00
567, 2014 MAR 12 14:50:01,  3.3910610822322756e+03,  1.3739694247429983e+02, -4.6340855358138606e+00
568, 2014 MAR 13 15:31:33,  3.3910630455459182e+03,  1.3739727808545638e+02, -4.6351333863174347e+00
569, 2014 MAR 14 16:13:05,  3.3910645480719559e+03,  1.3739891848735681e+02, -4.6355465651695837e+00
570, 2014 MAR 15 16:54:36,  3.3910667985324917e+03,  1.3739891848710562e+02, -4.6355465650764565e+00
571, 2014 MAR 16 17:36:08,  3.3910690573187476e+03,  1.3739891848735664e+02, -4.6355465651827563e+00
572, 2014 MAR 17 18:17:40,  3.3910749238719618e+03,  1.3740003800058429e+02, -4.6365282044294363e+00
573, 2014 MAR 18 18:59:11,  3.3910771983416539e+03,  1.3740003800042379e+02, -4.6365282044340441e+00
574, 2014 MAR 19 19:40:43,  3.3910791314155167e+03,  1.3740002595727591e+02, -4.6371706905833046e+00
575, 2014 MAR 20 20:22:15,  3.3910814201667281e+03,  1.3740002595732958e+02, -4.6371706908006471e+00
576, 2014 MAR 21 21:03:47,  3.3910837155574072e+03,  1.3740002595711672e+02, -4.6371706908034138e+00
577, 2014 MAR 22 21:45:18,  3.3910860172765497e+03,  1.3740002595745511e+02, -4.6371706904056200e+00
578, 2014 MAR 23 22:26:50,  3.3910883249202675e+03,  1.3740002595705252e+02, -4.6371706903082348e+00
579, 2014 MAR 24 23:08:22,  3.3910906381170580e+03,  1.3740002595726082e+02, -4.6371706906595582e+00
580, 2014 MAR 25 23:49:53,  3.3910929566355535e+03,  1.3740002595734654e+02, -4.6371706903941838e+00
581, 2014 MAR 27 00:31:25,  3.3910952633931693e+03,  1.3740003583660865e+02, -4.6372166805540385e+00
582, 2014 MAR 28 01:12:57,  3.3910975913969328e+03,  1.3740003583678387e+02, -4.6372166806033048e+00
583, 2014 MAR 29 01:54:28,  3.3910999236158736e+03,  1.3740003583667340e+02, -4.6372166806747268e+00
584, 2014 MAR 30 02:36:00,  3.3911022597501269e+03,  1.3740003583682702e+02, -4.6372166806910204e+00
585, 2014 MAR 31 03:17:32,  3.3911045994474489e+03,  1.3740003583683091e+02, -4.6372166807296527e+00
586, 2014 APR 01 03:59:03,  3.3911070104471505e+03,  1.3740003827960143e+02, -4.6371909827005391e+00
587, 2014 APR 02 04:40:35,  3.3911108859048713e+03,  1.3740037320343239e+02, -4.6371099570626990e+00
588, 2014 APR 03 05:22:07,  3.3911122560684903e+03,  1.3740065272958984e+02, -4.6377416624516012e+00
589, 2014 APR 04 06:03:38,  3.3911139897897465e+03,  1.3740082223962602e+02, -4.6382194443687981e+00
590, 2014 APR 05 06:45:10,  3.3911163423360122e+03,  1.3740082223995998e+02, -4.6382194441292421e+00
591, 2014 APR 06 07:26:42,  3.3911186964327517e+03,  1.3740082223956003e+02, -4.6382194441017139e+00
592, 2014 APR 07 08:08:14,  3.3911210517714781e+03,  1.3740082224020034e+02, -4.6382194442521909e+00
593, 2014 APR 08 08:49:45,  3.3911230742729672e+03,  1.3740074402012004e+02, -4.6385795683340003e+00
594, 2014 APR 09 09:31:17,  3.3911254311118992e+03,  1.3740074402062041e+02, -4.6385795685843805e+00
595, 2014 APR 10 10:12:49,  3.3911276494918156e+03,  1.3740049648620871e+02, -4.6390924355748711e+00
596, 2014 APR 11 10:54:20,  3.3911300065834694e+03,  1.3740049648590150e+02, -4.6390924353865008e+00
597, 2014 APR 12 11:35:52,  3.3911309776238572e+03,  1.3740010000310184e+02, -4.6390537536023242e+00
598, 2014 APR 13 12:17:24,  3.3911333337135893e+03,  1.3740010000351842e+02, -4.6390537535526208e+00
599, 2014 APR 14 12:58:55,  3.3911356888255341e+03,  1.3740010000364356e+02, -4.6390537536833829e+00
600, 2014 APR 15 13:40:27,  3.3911380426622763e+03,  1.3740010000356904e+02, -4.6390537537381578e+00
601, 2014 APR 16 14:21:59,  3.3911403949068895e+03,  1.3740010000322371e+02, -4.6390537536697432e+00
602, 2014 APR 17 15:03:30,  3.3911427453080187e+03,  1.3740010000327925e+02, -4.6390537534607308e+00
603, 2014 APR 18 15:45:02,  3.3911446649144609e+03,  1.3740006781257276e+02, -4.6395538097575573e+00
604, 2014 APR 19 16:26:34,  3.3911470106697884e+03,  1.3740006781277273e+02, -4.6395538100456468e+00
605, 2014 APR 20 17:08:05,  3.3911493536866515e+03,  1.3740006781271055e+02, -4.6395538099390992e+00
606, 2014 APR 21 17:49:37,  3.3911520458248383e+03,  1.3739984495301559e+02, -4.6396810209390802e+00
607, 2014 APR 22 18:31:09,  3.3911543825141944e+03,  1.3739984495231474e+02, -4.6396810203119898e+00
608, 2014 APR 23 19:12:41,  3.3911567155917423e+03,  1.3739984495215771e+02, -4.6396810205971653e+00
609, 2014 APR 24 19:54:12,  3.3911592667620762e+03,  1.3739982156372028e+02, -4.6396637522155153e+00
610, 2014 APR 25 20:35:44,  3.3911615918431989e+03,  1.3739982156344729e+02, -4.6396637520961255e+00
611, 2014 APR 26 21:17:16,  3.3911639125724937e+03,  1.3739982156354688e+02, -4.6396637521798390e+00
612, 2014 APR 27 21:58:47,  3.3911662286361279e+03,  1.3739982156353494e+02, -4.6396637520935551e+00
613, 2014 APR 28 22:40:19,  3.3911685398273848e+03,  1.3739982156314241e+02, -4.6396637516845320e+00
614, 2014 APR 29 23:21:51,  3.3911708458182425e+03,  1.3739982156316577e+02, -4.6396637517387607e+00
615, 2014 MAY 01 00:03:22,  3.3911731464481954e+03,  1.3739982156329467e+02, -4.6396637518329440e+00
616, 2014 MAY 02 00:44:54,  3.3911754414061488e+03,  1.3739982156340122e+02, -4.6396637521770758e+00
617, 2014 MAY 03 01:26:26,  3.3911777305384703e+03,  1.3739982156358028e+02, -4.6396637518052062e+00
618, 2014 MAY 04 02:07:57,  3.3911800135300336e+03,  1.3739982156334327e+02, -4.6396637520854931e+00
619, 2014 MAY 05 02:49:29,  3.3911822902254680e+03,  1.3739982156389129e+02, -4.6396637523002022e+00
620, 2014 MAY 06 03:31:01,  3.3911845603852412e+03,  1.3739982156363823e+02, -4.6396637517904002e+00
621, 2014 MAY 07 04:12:32,  3.3911868237997960e+03,  1.3739982156320889e+02, -4.6396637517918959e+00
622, 2014 MAY 08 04:54:04,  3.3911890802213138e+03,  1.3739982156348648e+02, -4.6396637520055730e+00
623, 2014 MAY 09 05:35:36,  3.3911913294650462e+03,  1.3739982156347347e+02, -4.6396637519351058e+00
624, 2014 MAY 10 06:17:08,  3.3911935713941753e+03,  1.3739982156342279e+02, -4.6396637516767321e+00
625, 2014 MAY 11 06:58:39,  3.3911958057133506e+03,  1.3739982156381433e+02, -4.6396637520189863e+00
626, 2014 MAY 12 07:40:11,  3.3911980323298931e+03,  1.3739982156344973e+02, -4.6396637518521864e+00
627, 2014 MAY 13 08:21:43,  3.3912002509707254e+03,  1.3739982156383874e+02, -4.6396637520052764e+00
628, 2014 MAY 14 09:03:14,  3.3912024615728019e+03,  1.3739982156395868e+02, -4.6396637519377677e+00
629, 2014 MAY 15 09:44:46,  3.3912046638621860e+03,  1.3739982156330137e+02, -4.6396637515539192e+00
630, 2014 MAY 16 10:26:18,  3.3912073588873845e+03,  1.3740000002664445e+02, -4.6400165929883057e+00
631, 2014 MAY 17 11:07:49,  3.3912106900399490e+03,  1.3739992626100619e+02, -4.6404174030068068e+00
632, 2014 MAY 18 11:49:21,  3.3912128665889809e+03,  1.3739992626168996e+02, -4.6404174029660226e+00
633, 2014 MAY 19 12:30:53,  3.3912150342254513e+03,  1.3739992626116631e+02, -4.6404174030367784e+00
634, 2014 MAY 20 13:12:24,  3.3912201473419950e+03,  1.3739911378345735e+02, -4.6412124513340896e+00
635, 2014 MAY 21 13:53:56,  3.3912214273161753e+03,  1.3739787335061172e+02, -4.6413252721963616e+00
636, 2014 MAY 22 14:35:28,  3.3912247719236543e+03,  1.3739703075719561e+02, -4.6407823490089033e+00
637, 2014 MAY 23 15:16:59,  3.3912267410052027e+03,  1.3739646657573331e+02, -4.6409705973359641e+00
638, 2014 MAY 24 15:58:31,  3.3912288622797569e+03,  1.3739646657562707e+02, -4.6409705973748139e+00
639, 2014 MAY 25 16:40:03,  3.3912309738879403e+03,  1.3739646657604249e+02, -4.6409705974932880e+00
640, 2014 MAY 26 17:21:35,  3.3912329902394144e+03,  1.3739645411415469e+02, -4.6409872383938593e+00
641, 2014 MAY 27 18:03:06,  3.3912353706828717e+03,  1.3739598520277625e+02, -4.6406626448793533e+00
642, 2014 MAY 28 18:44:38,  3.3912341568435045e+03,  1.3739504093392449e+02, -4.6408871927089166e+00
643, 2014 MAY 29 19:26:10,  3.3912360305450325e+03,  1.3739383726875747e+02, -4.6413008691436275e+00
644, 2014 MAY 30 20:07:41,  3.3912404846222871e+03,  1.3739299800102293e+02, -4.6415315872207534e+00
645, 2014 MAY 31 20:49:13,  3.3912425364452224e+03,  1.3739299800110552e+02, -4.6415315875113761e+00
646, 2014 JUN 01 21:30:45,  3.3912470575294124e+03,  1.3739255796465747e+02, -4.6412934151583878e+00
647, 2014 JUN 02 22:12:16,  3.3912490888140878e+03,  1.3739255796406491e+02, -4.6412934147477634e+00
648, 2014 JUN 03 22:53:48,  3.3912511097202814e+03,  1.3739255796448484e+02, -4.6412934152471861e+00
649, 2014 JUN 04 23:35:20,  3.3912519363801912e+03,  1.3739191671997855e+02, -4.6410694534582486e+00
650, 2014 JUN 06 00:16:51,  3.3912539364376207e+03,  1.3739191672029204e+02, -4.6410694536379102e+00
651, 2014 JUN 07 00:58:23,  3.3912574677636421e+03,  1.3739163553951957e+02, -4.6415270160832174e+00
652, 2014 JUN 08 01:39:55,  3.3912594467997583e+03,  1.3739163553993055e+02, -4.6415270160285322e+00
653, 2014 JUN 09 02:21:27,  3.3912614152882470e+03,  1.3739163553990281e+02, -4.6415270164608664e+00
654, 2014 JUN 10 03:02:58,  3.3912638973453099e+03,  1.3739035369920796e+02, -4.6420365452795886e+00
655, 2014 JUN 11 03:44:30,  3.3912659388855941e+03,  1.3739028757315438e+02, -4.6420514763432505e+00
656, 2014 JUN 12 04:26:02,  3.3912676405924849e+03,  1.3738815587902292e+02, -4.6426613749553010e+00
657, 2014 JUN 13 05:07:33,  3.3912701968776978e+03,  1.3738767005141182e+02, -4.6429280153937755e+00
658, 2014 JUN 14 05:49:05,  3.3912714450270396e+03,  1.3738746797827523e+02, -4.6432095907025746e+00
659, 2014 JUN 15 06:30:37,  3.3912733428906186e+03,  1.3738747043660450e+02, -4.6432142205891509e+00
660, 2014 JUN 16 07:12:08,  3.3912734358904040e+03,  1.3738660256023246e+02, -4.6436535520692734e+00
661, 2014 JUN 17 07:53:40,  3.3912797844386714e+03,  1.3738489016886393e+02, -4.6457452889302298e+00
662, 2014 JUN 18 08:35:12,  3.3912831192592353e+03,  1.3738460323445466e+02, -4.6461077488049707e+00
663, 2014 JUN 19 09:16:43,  3.3912871351697768e+03,  1.3738404521335369e+02, -4.6472342589835494e+00
664, 2014 JUN 20 09:58:15,  3.3912861934026591e+03,  1.3738239651004250e+02, -4.6479168860782716e+00
665, 2014 JUN 21 10:39:47,  3.3912886669016234e+03,  1.3738217386724546e+02, -4.6484743503688861e+00
666, 2014 JUN 22 11:21:18,  3.3912905175048381e+03,  1.3738217410357802e+02, -4.6484844539147963e+00
667, 2014 JUN 23 12:02:50,  3.3912918393585055e+03,  1.3738215775511006e+02, -4.6500846281512151e+00
668, 2014 JUN 24 12:44:22,  3.3912960759451589e+03,  1.3738154970239879e+02, -4.6502452804743575e+00
669, 2014 JUN 25 13:25:54,  3.3912978213634369e+03,  1.3738153335285025e+02, -4.6510897275908150e+00
670, 2014 JUN 26 14:07:25,  3.3912965051498704e+03,  1.3738112757106614e+02, -4.6531071692688561e+00
671, 2014 JUN 27 14:48:57,  3.3912970995287005e+03,  1.3738147807481218e+02, -4.6544704184478114e+00
672, 2014 JUN 28 15:30:29,  3.3912988698883655e+03,  1.3738147807479271e+02, -4.6544704186853458e+00
673, 2014 JUN 29 16:12:00,  3.3913006302696494e+03,  1.3738147807453265e+02, -4.6544704188762145e+00
674, 2014 JUN 30 16:53:32,  3.3913024902783764e+03,  1.3738146599730840e+02, -4.6543817325990533e+00
675, 2014 JUL 01 17:35:04,  3.3913045683279538e+03,  1.3738119296280493e+02, -4.6544247581331168e+00
676, 2014 JUL 02 18:16:35,  3.3913073903656964e+03,  1.3738119364816671e+02, -4.6547545716828820e+00
677, 2014 JUL 03 18:58:07,  3.3913098054044890e+03,  1.3738133424383685e+02, -4.6558586865295775e+00
678, 2014 JUL 04 19:39:39,  3.3913114308962099e+03,  1.3738135509297859e+02, -4.6558580467139246e+00
679, 2014 JUL 05 20:21:10,  3.3913131330702572e+03,  1.3738135509324184e+02, -4.6558580463554442e+00
680, 2014 JUL 06 21:02:42,  3.3913148259069108e+03,  1.3738135509296410e+02, -4.6558580465386177e+00
681, 2014 JUL 07 21:44:14,  3.3913165094449942e+03,  1.3738135509330758e+02, -4.6558580466230595e+00
682, 2014 JUL 08 22:25:45,  3.3913195643091340e+03,  1.3738192964010551e+02, -4.6563911091797348e+00
683, 2014 JUL 09 23:07:17,  3.3913211959773230e+03,  1.3738192499476796e+02, -4.6563970394633847e+00
684, 2014 JUL 10 23:48:49,  3.3913260226159468e+03,  1.3738151762040263e+02, -4.6571731879694109e+00
685, 2014 JUL 12 00:30:21,  3.3913279319740850e+03,  1.3738150724333747e+02, -4.6572527125986030e+00
686, 2014 JUL 13 01:11:52,  3.3913295707482944e+03,  1.3738150724383303e+02, -4.6572527125470753e+00
687, 2014 JUL 14 01:53:24,  3.3913345449506942e+03,  1.3738070546619443e+02, -4.6583735091306382e+00
688, 2014 JUL 15 02:34:56,  3.3913374313100062e+03,  1.3738070513507009e+02, -4.6585320841035589e+00
689, 2014 JUL 16 03:16:27,  3.3913407535963456e+03,  1.3738085599291705e+02, -4.6590043770027805e+00
690, 2014 JUL 17 03:57:59,  3.3913438919007544e+03,  1.3738070058178772e+02, -4.6592979314186849e+00
691, 2014 JUL 18 04:39:31,  3.3913459395379027e+03,  1.3738033285809760e+02, -4.6593615883342734e+00
692, 2014 JUL 19 05:21:02,  3.3913478994143857e+03,  1.3738029354346801e+02, -4.6594511509211376e+00
693, 2014 JUL 20 06:02:34,  3.3913494803331041e+03,  1.3738029354297703e+02, -4.6594511511459880e+00
694, 2014 JUL 21 06:44:06,  3.3913514460338729e+03,  1.3738021830696101e+02, -4.6597893552562653e+00
695, 2014 JUL 22 07:25:37,  3.3913549415407019e+03,  1.3738025007856615e+02, -4.6601089932562427e+00
696, 2014 JUL 23 08:07:09,  3.3913564994544749e+03,  1.3738025007844047e+02, -4.6601089928167498e+00
697, 2014 JUL 24 08:48:41,  3.3913580499665350e+03,  1.3738025007867157e+02, -4.6601089930460953e+00
698, 2014 JUL 25 09:30:12,  3.3913595931491764e+03,  1.3738025007854088e+02, -4.6601089933428224e+00
699, 2014 JUL 26 10:11:44,  3.3913611292091732e+03,  1.3738025007875012e+02, -4.6601089927495654e+00
700, 2014 JUL 27 10:53:16,  3.3913626581652861e+03,  1.3738025007917179e+02, -4.6601089928743171e+00
701, 2014 JUL 28 11:34:48,  3.3913643020672516e+03,  1.3738025975828955e+02, -4.6601305517272698e+00
702, 2014 JUL 29 12:16:19,  3.3913666487485552e+03,  1.3738007494415186e+02, -4.6607817662972604e+00
703, 2014 JUL 30 12:57:51,  3.3913681573442091e+03,  1.3738007494376347e+02, -4.6607817661236046e+00
704, 2014 JUL 31 13:39:23,  3.3913700154687399e+03,  1.3738008808314348e+02, -4.6608289203490161e+00
705, 2014 AUG 01 14:20:54,  3.3913700096121124e+03,  1.3737991255731194e+02, -4.6610381297572978e+00
706, 2014 AUG 02 15:02:26,  3.3913714988631082e+03,  1.3737991255723952e+02, -4.6610381297914998e+00
